location,year,month,tmean,tmin,tmax,precip_mm,precip_mmday,rh2m,ws2m,ws10m,sw_insol,soilmoist,ps
Kapoeta lowlands 4.767N 33.600E,1981,1,29.78,19.76,38.58,0.0,0.0,27.73,4.23,6.04,-999.0,0.41,94.36
Kapoeta lowlands 4.767N 33.600E,1981,2,30.94,21.55,40.15,1.4,0.05,27.5,3.96,5.51,-999.0,0.41,94.29
Kapoeta lowlands 4.767N 33.600E,1981,3,29.02,20.97,39.78,157.8,5.09,53.58,3.82,5.28,-999.0,0.45,94.32
Kapoeta lowlands 4.767N 33.600E,1981,4,27.0,21.18,35.54,85.8,2.86,65.62,3.6,5.07,-999.0,0.48,94.43
Kapoeta lowlands 4.767N 33.600E,1981,5,26.58,21.04,36.41,114.7,3.7,68.02,3.04,4.39,-999.0,0.49,94.48
Kapoeta lowlands 4.767N 33.600E,1981,6,27.24,19.31,35.64,43.2,1.44,58.08,2.52,3.68,-999.0,0.45,94.66
Kapoeta lowlands 4.767N 33.600E,1981,7,25.36,19.86,35.16,142.9,4.61,69.0,1.9,2.84,-999.0,0.47,94.68
Kapoeta lowlands 4.767N 33.600E,1981,8,25.91,19.7,34.51,111.0,3.58,68.3,1.96,2.94,-999.0,0.49,94.59
Kapoeta lowlands 4.767N 33.600E,1981,9,26.53,19.9,35.83,135.9,4.53,66.25,1.91,2.87,-999.0,0.48,94.55
Kapoeta lowlands 4.767N 33.600E,1981,10,27.82,21.03,36.73,67.3,2.17,58.15,2.91,4.31,-999.0,0.47,94.45
Kapoeta lowlands 4.767N 33.600E,1981,11,28.01,20.29,36.3,39.9,1.33,54.9,2.81,4.1,-999.0,0.45,94.41
Kapoeta lowlands 4.767N 33.600E,1981,12,28.97,20.09,38.2,14.0,0.45,40.8,3.69,5.37,-999.0,0.42,94.4
Kapoeta lowlands 4.767N 33.600E,1982,1,29.02,21.3,38.79,28.5,0.92,42.21,3.48,4.96,-999.0,0.42,94.33
Kapoeta lowlands 4.767N 33.600E,1982,2,30.24,20.06,39.58,8.4,0.3,33.68,3.34,4.63,-999.0,0.41,94.28
Kapoeta lowlands 4.767N 33.600E,1982,3,32.06,23.38,41.35,8.4,0.27,31.69,4.48,6.13,-999.0,0.41,94.21
Kapoeta lowlands 4.767N 33.600E,1982,4,28.97,22.8,38.61,84.0,2.8,55.22,4.15,5.73,-999.0,0.43,94.35
Kapoeta lowlands 4.767N 33.600E,1982,5,27.46,20.95,37.1,123.1,3.97,63.72,3.15,4.5,-999.0,0.46,94.46
Kapoeta lowlands 4.767N 33.600E,1982,6,27.31,20.16,36.05,51.0,1.7,59.81,2.5,3.64,-999.0,0.45,94.66
Kapoeta lowlands 4.767N 33.600E,1982,7,26.66,19.74,35.51,109.1,3.52,59.5,2.46,3.65,-999.0,0.46,94.61
Kapoeta lowlands 4.767N 33.600E,1982,8,25.68,19.31,35.25,137.0,4.42,66.83,2.04,3.08,-999.0,0.48,94.63
Kapoeta lowlands 4.767N 33.600E,1982,9,28.1,20.46,37.39,32.1,1.07,50.93,2.67,3.93,-999.0,0.44,94.54
Kapoeta lowlands 4.767N 33.600E,1982,10,27.6,20.83,37.41,71.9,2.32,56.58,3.36,4.89,-999.0,0.44,94.41
Kapoeta lowlands 4.767N 33.600E,1982,11,26.39,19.25,35.93,91.2,3.04,64.85,2.42,3.55,-999.0,0.46,94.43
Kapoeta lowlands 4.767N 33.600E,1982,12,27.31,20.24,36.17,38.4,1.24,53.99,3.04,4.45,-999.0,0.45,94.46
Kapoeta lowlands 4.767N 33.600E,1983,1,28.91,18.53,38.66,3.7,0.12,37.61,2.79,4.02,-999.0,0.42,94.49
Kapoeta lowlands 4.767N 33.600E,1983,2,31.22,22.18,40.69,3.4,0.12,34.46,3.3,4.58,-999.0,0.41,94.38
Kapoeta lowlands 4.767N 33.600E,1983,3,33.02,25.1,40.98,2.8,0.09,30.49,4.51,6.15,-999.0,0.41,94.25
Kapoeta lowlands 4.767N 33.600E,1983,4,30.8,22.74,40.06,69.9,2.33,44.9,4.01,5.55,-999.0,0.42,94.33
Kapoeta lowlands 4.767N 33.600E,1983,5,28.63,21.76,37.52,80.3,2.59,55.62,3.57,5.1,-999.0,0.44,94.4
Kapoeta lowlands 4.767N 33.600E,1983,6,27.97,20.69,37.65,121.5,4.05,57.25,2.61,3.78,-999.0,0.44,94.58
Kapoeta lowlands 4.767N 33.600E,1983,7,26.15,20.3,36.05,99.8,3.22,64.76,2.12,3.21,-999.0,0.48,94.62
Kapoeta lowlands 4.767N 33.600E,1983,8,24.77,19.17,35.79,235.3,7.59,75.88,1.69,2.59,-999.0,0.54,94.71
Kapoeta lowlands 4.767N 33.600E,1983,9,26.48,18.53,35.41,52.8,1.76,63.04,2.21,3.36,-999.0,0.49,94.57
Kapoeta lowlands 4.767N 33.600E,1983,10,26.48,20.06,35.92,137.0,4.42,68.83,2.09,3.13,-999.0,0.5,94.48
Kapoeta lowlands 4.767N 33.600E,1983,11,27.07,20.19,36.05,56.4,1.88,60.09,2.5,3.72,-999.0,0.47,94.57
Kapoeta lowlands 4.767N 33.600E,1983,12,28.49,18.34,37.43,3.4,0.11,40.8,3.03,4.45,-999.0,0.43,94.42
Kapoeta lowlands 4.767N 33.600E,1984,1,29.23,19.96,38.84,1.6,0.05,31.78,2.5,3.69,20.85,0.41,94.3
Kapoeta lowlands 4.767N 33.600E,1984,2,30.61,21.77,40.2,13.6,0.47,23.5,4.38,6.14,22.61,0.41,94.13
Kapoeta lowlands 4.767N 33.600E,1984,3,30.9,21.77,40.23,115.0,3.71,36.48,4.85,6.69,23.13,0.43,94.15
Kapoeta lowlands 4.767N 33.600E,1984,4,28.83,22.22,39.07,110.1,3.67,56.11,3.46,4.88,19.26,0.46,94.23
Kapoeta lowlands 4.767N 33.600E,1984,5,28.49,21.91,36.74,32.6,1.05,53.76,3.23,4.63,20.55,0.44,94.36
Kapoeta lowlands 4.767N 33.600E,1984,6,28.04,21.44,37.32,17.4,0.58,49.05,2.82,4.08,20.85,0.42,94.57
Kapoeta lowlands 4.767N 33.600E,1984,7,27.72,20.37,36.54,58.0,1.87,51.61,2.41,3.5,20.04,0.43,94.54
Kapoeta lowlands 4.767N 33.600E,1984,8,28.31,20.33,37.02,40.3,1.3,49.6,2.59,3.77,20.82,0.43,94.57
Kapoeta lowlands 4.767N 33.600E,1984,9,28.52,20.35,37.74,49.2,1.64,46.94,2.73,4.01,22.13,0.43,94.47
Kapoeta lowlands 4.767N 33.600E,1984,10,28.88,22.43,37.75,30.7,0.99,47.43,3.9,5.63,22.12,0.42,94.44
Kapoeta lowlands 4.767N 33.600E,1984,11,27.77,21.03,36.81,40.5,1.35,54.37,3.72,5.36,19.7,0.42,94.42
Kapoeta lowlands 4.767N 33.600E,1984,12,28.51,20.65,38.54,30.7,0.99,42.11,3.4,4.88,20.83,0.42,94.31
Kapoeta lowlands 4.767N 33.600E,1985,1,29.66,22.09,39.27,12.7,0.41,34.9,4.59,6.44,22.09,0.41,94.25
Kapoeta lowlands 4.767N 33.600E,1985,2,29.81,19.35,39.93,2.2,0.08,26.18,2.73,3.85,23.31,0.41,94.26
Kapoeta lowlands 4.767N 33.600E,1985,3,29.99,22.08,39.61,89.9,2.9,44.73,4.61,6.3,20.57,0.42,94.24
Kapoeta lowlands 4.767N 33.600E,1985,4,26.36,20.11,35.07,126.9,4.23,68.73,2.9,4.12,19.75,0.49,94.39
Kapoeta lowlands 4.767N 33.600E,1985,5,25.9,20.16,34.77,154.1,4.97,70.31,2.77,4.02,20.2,0.5,94.49
Kapoeta lowlands 4.767N 33.600E,1985,6,25.58,19.37,34.05,83.7,2.79,67.34,1.98,2.96,19.83,0.48,94.71
Kapoeta lowlands 4.767N 33.600E,1985,7,24.72,18.56,34.29,154.7,4.99,69.14,1.98,2.99,18.67,0.49,94.69
Kapoeta lowlands 4.767N 33.600E,1985,8,25.57,18.97,35.61,129.0,4.16,65.02,2.04,3.1,20.88,0.5,94.65
Kapoeta lowlands 4.767N 33.600E,1985,9,27.35,19.68,36.19,60.0,2.0,58.34,2.18,3.23,22.41,0.47,94.47
Kapoeta lowlands 4.767N 33.600E,1985,10,28.55,20.96,37.56,7.8,0.25,47.99,3.28,4.77,22.49,0.43,94.43
Kapoeta lowlands 4.767N 33.600E,1985,11,27.48,20.12,37.75,39.3,1.31,55.4,2.74,4.0,20.63,0.44,94.46
Kapoeta lowlands 4.767N 33.600E,1985,12,29.49,21.53,37.92,3.7,0.12,37.05,3.39,4.9,22.21,0.41,94.33
Kapoeta lowlands 4.767N 33.600E,1986,1,29.7,21.27,38.78,3.4,0.11,28.79,3.29,4.69,22.96,0.41,94.34
Kapoeta lowlands 4.767N 33.600E,1986,2,31.51,23.04,39.61,7.3,0.26,29.56,3.89,5.36,20.14,0.41,94.22
Kapoeta lowlands 4.767N 33.600E,1986,3,29.28,21.25,39.45,133.6,4.31,48.5,3.58,5.01,21.94,0.45,94.27
Kapoeta lowlands 4.767N 33.600E,1986,4,28.31,21.59,38.34,111.6,3.72,58.83,3.71,5.2,20.63,0.46,94.31
Kapoeta lowlands 4.767N 33.600E,1986,5,27.64,21.2,36.08,53.3,1.72,60.57,3.19,4.58,19.96,0.46,94.47
Kapoeta lowlands 4.767N 33.600E,1986,6,25.23,19.94,33.91,183.9,6.13,73.5,1.67,2.51,17.45,0.5,94.62
Kapoeta lowlands 4.767N 33.600E,1986,7,24.4,18.34,33.2,141.7,4.57,72.2,1.81,2.73,18.36,0.51,94.8
Kapoeta lowlands 4.767N 33.600E,1986,8,25.81,18.19,34.93,84.6,2.73,61.61,2.33,3.55,22.09,0.49,94.63
Kapoeta lowlands 4.767N 33.600E,1986,9,26.82,19.44,37.27,69.3,2.31,58.95,2.2,3.27,22.13,0.47,94.6
Kapoeta lowlands 4.767N 33.600E,1986,10,27.88,20.07,37.9,92.4,2.98,55.49,2.55,3.79,21.31,0.46,94.49
Kapoeta lowlands 4.767N 33.600E,1986,11,27.81,20.37,37.41,43.2,1.44,55.39,2.76,4.07,20.23,0.45,94.41
Kapoeta lowlands 4.767N 33.600E,1986,12,27.36,18.34,37.52,29.1,0.94,48.59,2.82,4.07,19.87,0.43,94.51
Kapoeta lowlands 4.767N 33.600E,1987,1,29.64,21.71,39.12,2.5,0.08,32.2,3.46,4.91,20.93,0.41,94.46
Kapoeta lowlands 4.767N 33.600E,1987,2,30.57,21.55,40.17,47.3,1.69,33.11,3.72,5.18,21.11,0.42,94.37
Kapoeta lowlands 4.767N 33.600E,1987,3,29.48,22.4,39.57,43.4,1.4,48.95,3.25,4.53,20.13,0.43,94.29
Kapoeta lowlands 4.767N 33.600E,1987,4,28.68,20.61,39.56,90.6,3.02,56.04,3.64,5.1,19.92,0.45,94.42
Kapoeta lowlands 4.767N 33.600E,1987,5,26.56,20.87,37.26,217.3,7.01,70.89,2.27,3.32,18.78,0.49,94.48
Kapoeta lowlands 4.767N 33.600E,1987,6,24.36,19.05,31.72,217.2,7.24,78.06,2.03,3.13,19.08,0.57,94.74
Kapoeta lowlands 4.767N 33.600E,1987,7,25.1,18.76,33.23,94.5,3.05,65.9,2.69,4.11,20.94,0.52,94.63
Kapoeta lowlands 4.767N 33.600E,1987,8,26.81,18.94,35.37,99.8,3.22,59.86,2.74,4.06,20.46,0.48,94.56
Kapoeta lowlands 4.767N 33.600E,1987,9,27.91,20.0,37.4,58.2,1.94,56.76,2.28,3.39,22.08,0.46,94.53
Kapoeta lowlands 4.767N 33.600E,1987,10,28.23,20.13,37.36,66.3,2.14,56.65,2.39,3.54,21.45,0.46,94.44
Kapoeta lowlands 4.767N 33.600E,1987,11,27.79,20.2,37.42,73.2,2.44,57.73,2.6,3.88,20.05,0.46,94.45
Kapoeta lowlands 4.767N 33.600E,1987,12,28.89,20.36,39.21,22.6,0.73,43.46,2.57,3.82,21.15,0.43,94.5
Kapoeta lowlands 4.767N 33.600E,1988,1,30.53,22.29,38.96,22.9,0.74,38.35,2.39,3.43,19.83,0.42,94.36
Kapoeta lowlands 4.767N 33.600E,1988,2,31.54,22.0,40.8,8.4,0.29,33.09,3.63,5.03,21.26,0.41,94.24
Kapoeta lowlands 4.767N 33.600E,1988,3,32.3,22.68,41.59,21.1,0.68,33.09,3.63,5.01,21.01,0.41,94.25
Kapoeta lowlands 4.767N 33.600E,1988,4,28.69,21.49,41.24,126.3,4.21,59.77,3.77,5.26,20.07,0.45,94.32
Kapoeta lowlands 4.767N 33.600E,1988,5,27.25,21.09,35.58,111.6,3.6,64.91,2.77,4.0,20.35,0.48,94.55
Kapoeta lowlands 4.767N 33.600E,1988,6,27.34,20.92,36.38,54.9,1.83,57.45,2.8,4.07,21.14,0.45,94.6
Kapoeta lowlands 4.767N 33.600E,1988,7,25.28,19.04,35.2,155.3,5.01,70.07,1.71,2.59,16.68,0.49,94.68
Kapoeta lowlands 4.767N 33.600E,1988,8,25.12,19.84,34.36,150.7,4.86,73.16,1.66,2.53,20.02,0.51,94.61
Kapoeta lowlands 4.767N 33.600E,1988,9,26.41,19.74,35.85,112.2,3.74,66.11,1.99,3.02,18.76,0.49,94.5
Kapoeta lowlands 4.767N 33.600E,1988,10,26.51,19.38,35.45,119.4,3.85,67.03,2.52,3.76,20.68,0.5,94.44
Kapoeta lowlands 4.767N 33.600E,1988,11,27.24,19.98,35.97,31.8,1.06,56.71,3.23,4.77,21.13,0.46,94.52
Kapoeta lowlands 4.767N 33.600E,1988,12,28.14,19.26,36.82,18.9,0.61,43.18,3.89,5.63,20.65,0.43,94.4
Kapoeta lowlands 4.767N 33.600E,1989,1,27.86,18.79,38.25,5.0,0.16,35.78,2.3,3.37,22.2,0.42,94.44
Kapoeta lowlands 4.767N 33.600E,1989,2,28.38,20.32,38.68,49.3,1.76,41.89,3.18,4.5,21.26,0.43,94.46
Kapoeta lowlands 4.767N 33.600E,1989,3,29.71,21.17,39.92,99.8,3.22,44.05,3.5,4.87,20.49,0.43,94.23
Kapoeta lowlands 4.767N 33.600E,1989,4,28.47,20.6,37.67,63.6,2.12,55.42,4.07,5.71,21.66,0.45,94.35
Kapoeta lowlands 4.767N 33.600E,1989,5,26.93,20.72,35.29,86.8,2.8,64.12,2.93,4.23,19.98,0.46,94.55
Kapoeta lowlands 4.767N 33.600E,1989,6,27.67,20.08,35.95,9.3,0.31,50.71,3.04,4.39,19.63,0.43,94.65
Kapoeta lowlands 4.767N 33.600E,1989,7,25.87,19.89,36.08,107.9,3.48,66.8,1.62,2.4,17.62,0.46,94.71
Kapoeta lowlands 4.767N 33.600E,1989,8,27.52,20.34,36.43,36.9,1.19,52.65,2.46,3.58,20.78,0.43,94.62
Kapoeta lowlands 4.767N 33.600E,1989,9,27.7,19.88,38.32,73.2,2.44,54.59,2.62,3.84,20.5,0.44,94.45
Kapoeta lowlands 4.767N 33.600E,1989,10,28.3,20.52,37.48,54.2,1.75,53.07,3.09,4.52,21.29,0.44,94.47
Kapoeta lowlands 4.767N 33.600E,1989,11,28.29,21.49,37.75,42.0,1.4,53.85,3.82,5.5,20.31,0.43,94.44
Kapoeta lowlands 4.767N 33.600E,1989,12,28.29,21.03,37.56,39.7,1.28,52.78,2.75,3.99,18.8,0.43,94.46
Kapoeta lowlands 4.767N 33.600E,1990,1,29.26,20.9,38.5,23.2,0.75,41.34,3.76,5.32,20.79,0.42,94.42
Kapoeta lowlands 4.767N 33.600E,1990,2,30.4,22.47,39.9,31.4,1.12,42.94,3.02,4.15,16.9,0.42,94.37
Kapoeta lowlands 4.767N 33.600E,1990,3,28.73,21.87,38.47,64.8,2.09,54.45,3.13,4.31,19.93,0.43,94.49
Kapoeta lowlands 4.767N 33.600E,1990,4,28.71,21.84,38.0,48.0,1.6,57.48,3.53,4.92,19.7,0.43,94.37
Kapoeta lowlands 4.767N 33.600E,1990,5,28.4,22.25,38.3,79.4,2.56,60.03,2.57,3.66,19.89,0.44,94.48
Kapoeta lowlands 4.767N 33.600E,1990,6,28.51,21.42,36.88,22.5,0.75,50.66,2.5,3.61,20.41,0.42,94.66
Kapoeta lowlands 4.767N 33.600E,1990,7,26.34,19.7,36.39,94.5,3.05,61.27,1.97,2.94,19.0,0.45,94.69
Kapoeta lowlands 4.767N 33.600E,1990,8,27.56,20.24,36.81,67.6,2.18,58.16,2.02,2.94,19.69,0.44,94.69
Kapoeta lowlands 4.767N 33.600E,1990,9,28.93,21.09,38.04,32.1,1.07,47.83,2.53,3.69,22.43,0.43,94.54
Kapoeta lowlands 4.767N 33.600E,1990,10,27.91,20.75,38.51,85.6,2.76,54.84,3.19,4.7,20.86,0.44,94.49
Kapoeta lowlands 4.767N 33.600E,1990,11,28.67,22.11,37.73,29.4,0.98,50.15,3.81,5.52,21.04,0.43,94.42
Kapoeta lowlands 4.767N 33.600E,1990,12,29.21,21.68,38.2,13.3,0.43,41.21,4.39,6.23,20.15,0.42,94.38
Kapoeta lowlands 4.767N 33.600E,1991,1,29.15,22.18,39.08,52.7,1.7,44.17,3.34,4.72,20.26,0.42,94.42
Kapoeta lowlands 4.767N 33.600E,1991,2,31.45,21.33,40.35,5.0,0.18,33.06,3.65,5.07,20.14,0.41,94.34
Kapoeta lowlands 4.767N 33.600E,1991,3,31.5,23.08,41.25,40.0,1.29,38.71,4.71,6.41,21.21,0.42,94.22
Kapoeta lowlands 4.767N 33.600E,1991,4,28.85,21.52,38.26,111.6,3.72,56.4,3.45,4.84,20.75,0.45,94.35
Kapoeta lowlands 4.767N 33.600E,1991,5,27.11,21.42,36.18,186.3,6.01,68.05,2.55,3.7,18.39,0.48,94.45
Kapoeta lowlands 4.767N 33.600E,1991,6,26.63,20.01,34.69,56.4,1.88,66.34,1.85,2.78,19.14,0.48,94.62
Kapoeta lowlands 4.767N 33.600E,1991,7,25.64,19.68,34.59,96.7,3.12,67.2,1.91,2.86,18.9,0.48,94.74
Kapoeta lowlands 4.767N 33.600E,1991,8,26.35,20.2,35.11,104.8,3.38,66.12,1.73,2.58,19.09,0.47,94.73
Kapoeta lowlands 4.767N 33.600E,1991,9,27.91,20.27,37.96,38.1,1.27,51.99,2.27,3.43,22.41,0.45,94.62
Kapoeta lowlands 4.767N 33.600E,1991,10,26.77,20.06,38.27,114.4,3.69,61.04,2.06,3.08,19.54,0.46,94.49
Kapoeta lowlands 4.767N 33.600E,1991,11,27.92,20.99,36.43,16.8,0.56,51.81,3.24,4.77,21.41,0.44,94.48
Kapoeta lowlands 4.767N 33.600E,1991,12,28.99,21.26,37.58,5.0,0.16,39.7,3.08,4.48,21.2,0.42,94.44
Kapoeta lowlands 4.767N 33.600E,1992,1,29.99,17.77,39.78,0.0,0.0,31.42,3.68,5.21,22.2,0.41,94.42
Kapoeta lowlands 4.767N 33.600E,1992,2,31.27,19.64,40.67,7.2,0.25,27.14,2.59,3.66,21.9,0.41,94.41
Kapoeta lowlands 4.767N 33.600E,1992,3,32.28,23.37,40.93,28.2,0.91,33.58,4.64,6.37,23.85,0.41,94.25
Kapoeta lowlands 4.767N 33.600E,1992,4,31.11,23.52,40.36,27.6,0.92,44.68,3.88,5.34,20.89,0.42,94.3
Kapoeta lowlands 4.767N 33.600E,1992,5,28.97,22.12,37.98,62.3,2.01,54.12,3.4,4.83,19.67,0.43,94.43
Kapoeta lowlands 4.767N 33.600E,1992,6,27.87,21.68,38.12,62.1,2.07,58.87,1.94,2.79,18.46,0.44,94.6
Kapoeta lowlands 4.767N 33.600E,1992,7,26.54,19.98,35.7,92.7,2.99,62.97,1.77,2.59,18.86,0.44,94.74
Kapoeta lowlands 4.767N 33.600E,1992,8,26.07,20.03,35.94,111.9,3.61,65.11,1.85,2.76,19.89,0.47,94.75
Kapoeta lowlands 4.767N 33.600E,1992,9,27.92,19.99,37.95,46.2,1.54,52.81,2.6,3.81,21.02,0.45,94.51
Kapoeta lowlands 4.767N 33.600E,1992,10,26.92,20.66,37.02,151.0,4.87,64.61,2.08,3.08,19.22,0.47,94.52
Kapoeta lowlands 4.767N 33.600E,1992,11,27.32,20.53,35.94,34.8,1.16,54.04,3.22,4.78,20.59,0.45,94.44
Kapoeta lowlands 4.767N 33.600E,1992,12,27.66,20.15,36.39,24.2,0.78,55.6,3.03,4.34,19.41,0.43,94.48
Kapoeta lowlands 4.767N 33.600E,1993,1,28.09,17.34,36.78,18.6,0.6,47.03,3.09,4.34,20.34,0.42,94.51
Kapoeta lowlands 4.767N 33.600E,1993,2,29.67,20.07,39.83,1.1,0.04,37.59,3.56,4.89,21.68,0.41,94.4
Kapoeta lowlands 4.767N 33.600E,1993,3,30.67,22.12,40.17,55.2,1.78,38.89,4.27,5.87,23.06,0.42,94.35
Kapoeta lowlands 4.767N 33.600E,1993,4,29.81,22.41,38.56,52.8,1.76,49.11,4.4,6.09,20.4,0.43,94.32
Kapoeta lowlands 4.767N 33.600E,1993,5,28.18,21.49,37.05,108.5,3.5,60.87,3.08,4.41,19.29,0.45,94.45
Kapoeta lowlands 4.767N 33.600E,1993,6,26.97,20.88,35.46,76.8,2.56,60.43,2.49,3.63,19.49,0.46,94.69
Kapoeta lowlands 4.767N 33.600E,1993,7,26.48,19.51,35.41,77.8,2.51,59.01,2.06,3.06,20.33,0.45,94.72
Kapoeta lowlands 4.767N 33.600E,1993,8,27.95,19.49,37.04,42.2,1.36,48.91,2.67,3.9,21.97,0.44,94.69
Kapoeta lowlands 4.767N 33.600E,1993,9,29.53,21.2,38.74,0.6,0.02,36.15,3.26,4.76,22.76,0.41,94.53
Kapoeta lowlands 4.767N 33.600E,1993,10,30.17,23.1,38.74,16.4,0.53,40.06,3.66,5.27,22.62,0.41,94.46
Kapoeta lowlands 4.767N 33.600E,1993,11,28.72,21.73,38.11,35.4,1.18,51.02,3.46,4.99,21.07,0.42,94.36
Kapoeta lowlands 4.767N 33.600E,1993,12,29.95,21.4,38.4,8.4,0.27,37.79,4.08,5.82,21.91,0.41,94.39
Kapoeta lowlands 4.767N 33.600E,1994,1,31.12,22.44,39.91,0.0,0.0,26.02,3.95,5.61,22.87,0.41,94.24
Kapoeta lowlands 4.767N 33.600E,1994,2,31.87,22.32,40.55,5.9,0.21,22.1,2.78,3.95,22.7,0.41,94.26
Kapoeta lowlands 4.767N 33.600E,1994,3,31.83,24.07,41.0,19.2,0.62,35.11,3.76,5.15,19.82,0.41,94.27
Kapoeta lowlands 4.767N 33.600E,1994,4,29.03,22.03,40.06,119.7,3.99,56.88,3.62,5.06,20.6,0.45,94.32
Kapoeta lowlands 4.767N 33.600E,1994,5,28.26,21.48,36.98,105.4,3.4,60.18,2.82,4.06,21.17,0.46,94.5
Kapoeta lowlands 4.767N 33.600E,1994,6,26.49,20.38,36.09,108.6,3.62,65.47,1.78,2.67,19.58,0.47,94.64
Kapoeta lowlands 4.767N 33.600E,1994,7,24.73,19.4,33.33,212.3,6.85,74.94,1.43,2.19,19.02,0.52,94.74
Kapoeta lowlands 4.767N 33.600E,1994,8,25.17,19.38,34.37,129.0,4.16,71.03,1.88,2.88,19.88,0.52,94.66
Kapoeta lowlands 4.767N 33.600E,1994,9,27.61,19.68,37.35,40.8,1.36,53.27,2.6,3.89,23.28,0.46,94.59
Kapoeta lowlands 4.767N 33.600E,1994,10,25.85,20.6,35.31,75.6,2.44,68.14,2.54,3.76,21.41,0.47,94.49
Kapoeta lowlands 4.767N 33.600E,1994,11,26.39,19.77,35.05,62.4,2.08,66.68,2.75,4.06,18.67,0.47,94.48
Kapoeta lowlands 4.767N 33.600E,1994,12,27.64,20.0,36.82,15.8,0.51,46.45,3.61,5.24,20.71,0.43,94.53
Kapoeta lowlands 4.767N 33.600E,1995,1,29.72,20.37,39.0,5.6,0.18,31.34,3.49,5.01,23.22,0.41,94.43
Kapoeta lowlands 4.767N 33.600E,1995,2,30.75,21.82,40.01,23.8,0.85,35.65,2.93,4.1,21.81,0.41,94.38
Kapoeta lowlands 4.767N 33.600E,1995,3,30.67,22.46,40.53,48.1,1.55,43.72,4.29,5.88,21.22,0.42,94.29
Kapoeta lowlands 4.767N 33.600E,1995,4,29.86,22.74,39.83,80.1,2.67,51.45,4.55,6.29,18.13,0.43,94.24
Kapoeta lowlands 4.767N 33.600E,1995,5,28.24,21.61,37.53,66.0,2.13,59.12,3.14,4.48,21.39,0.44,94.43
Kapoeta lowlands 4.767N 33.600E,1995,6,28.0,21.43,36.95,82.8,2.76,54.91,2.68,3.87,19.25,0.44,94.58
Kapoeta lowlands 4.767N 33.600E,1995,7,25.28,19.69,34.54,122.5,3.95,71.8,1.59,2.4,18.1,0.48,94.59
Kapoeta lowlands 4.767N 33.600E,1995,8,27.1,21.13,36.09,76.0,2.45,62.01,2.03,2.98,20.35,0.46,94.6
Kapoeta lowlands 4.767N 33.600E,1995,9,27.27,19.95,37.27,85.8,2.86,60.52,2.27,3.38,21.21,0.46,94.6
Kapoeta lowlands 4.767N 33.600E,1995,10,27.33,21.08,36.52,99.8,3.22,62.47,2.48,3.68,20.25,0.46,94.43
Kapoeta lowlands 4.767N 33.600E,1995,11,27.66,20.83,36.13,38.1,1.27,57.83,2.96,4.3,19.67,0.45,94.48
Kapoeta lowlands 4.767N 33.600E,1995,12,28.7,20.41,37.43,26.0,0.84,48.55,3.14,4.52,19.25,0.42,94.48
Kapoeta lowlands 4.767N 33.600E,1996,1,28.83,20.91,38.87,18.3,0.59,45.72,2.8,3.99,19.29,0.42,94.31
Kapoeta lowlands 4.767N 33.600E,1996,2,31.83,23.77,40.37,5.2,0.18,30.94,3.43,4.76,19.53,0.41,94.15
Kapoeta lowlands 4.767N 33.600E,1996,3,29.45,21.82,40.6,108.2,3.49,53.5,3.79,5.22,19.52,0.44,94.24
Kapoeta lowlands 4.767N 33.600E,1996,4,27.96,21.82,37.08,99.6,3.32,60.53,3.55,5.02,19.96,0.47,94.34
Kapoeta lowlands 4.767N 33.600E,1996,5,27.68,21.36,36.21,107.6,3.47,63.04,2.61,3.74,20.65,0.47,94.5
Kapoeta lowlands 4.767N 33.600E,1996,6,25.39,20.07,33.34,121.8,4.06,71.24,1.85,2.79,16.78,0.5,94.66
Kapoeta lowlands 4.767N 33.600E,1996,7,25.32,19.89,34.25,85.2,2.75,67.2,1.96,2.93,18.86,0.48,94.74
Kapoeta lowlands 4.767N 33.600E,1996,8,25.8,19.94,34.63,113.8,3.67,68.84,1.83,2.75,19.83,0.48,94.65
Kapoeta lowlands 4.767N 33.600E,1996,9,27.02,20.32,36.6,55.5,1.85,63.78,1.89,2.77,20.99,0.46,94.51
Kapoeta lowlands 4.767N 33.600E,1996,10,28.36,21.45,36.84,44.0,1.42,52.8,2.94,4.31,21.09,0.44,94.46
Kapoeta lowlands 4.767N 33.600E,1996,11,27.11,21.24,35.53,39.9,1.33,60.0,3.07,4.43,19.64,0.44,94.42
Kapoeta lowlands 4.767N 33.600E,1996,12,28.86,19.65,37.7,10.2,0.33,38.93,3.3,4.81,20.99,0.42,94.42
Kapoeta lowlands 4.767N 33.600E,1997,1,30.51,20.99,39.68,0.0,0.0,31.27,3.17,4.52,21.39,0.41,94.33
Kapoeta lowlands 4.767N 33.600E,1997,2,31.04,21.34,40.42,2.0,0.07,22.82,3.34,4.74,24.97,0.41,94.34
Kapoeta lowlands 4.767N 33.600E,1997,3,31.87,22.37,40.64,40.6,1.31,35.96,4.62,6.31,23.55,0.41,94.25
Kapoeta lowlands 4.767N 33.600E,1997,4,27.03,21.61,36.34,119.7,3.99,67.13,2.9,4.1,19.18,0.47,94.48
Kapoeta lowlands 4.767N 33.600E,1997,5,26.14,19.55,35.26,151.9,4.9,67.91,3.03,4.42,20.57,0.5,94.63
Kapoeta lowlands 4.767N 33.600E,1997,6,27.68,21.47,36.28,39.9,1.33,56.83,3.11,4.51,20.76,0.45,94.58
Kapoeta lowlands 4.767N 33.600E,1997,7,25.39,19.85,34.88,134.5,4.34,67.71,2.26,3.45,18.41,0.49,94.75
Kapoeta lowlands 4.767N 33.600E,1997,8,27.08,19.71,36.94,44.6,1.44,56.63,2.63,3.93,21.97,0.46,94.73
Kapoeta lowlands 4.767N 33.600E,1997,9,30.05,21.4,39.37,0.9,0.03,37.41,3.8,5.55,25.06,0.42,94.53
Kapoeta lowlands 4.767N 33.600E,1997,10,27.17,20.4,37.86,128.3,4.14,63.03,3.66,5.35,19.81,0.45,94.54
Kapoeta lowlands 4.767N 33.600E,1997,11,25.67,19.64,34.54,104.1,3.47,73.7,3.0,4.36,17.26,0.48,94.52
Kapoeta lowlands 4.767N 33.600E,1997,12,26.98,21.09,35.3,33.5,1.08,64.09,3.46,4.92,17.34,0.46,94.56
Kapoeta lowlands 4.767N 33.600E,1998,1,27.95,19.26,37.29,34.7,1.12,56.59,3.7,5.16,20.03,0.45,94.49
Kapoeta lowlands 4.767N 33.600E,1998,2,30.3,20.08,39.5,5.0,0.18,41.92,3.73,5.1,22.08,0.42,94.55
Kapoeta lowlands 4.767N 33.600E,1998,3,31.7,23.06,40.68,19.5,0.63,43.59,4.51,6.12,23.06,0.42,94.34
Kapoeta lowlands 4.767N 33.600E,1998,4,30.94,24.2,40.74,36.6,1.22,51.09,4.21,5.8,21.06,0.42,94.34
Kapoeta lowlands 4.767N 33.600E,1998,5,28.66,21.47,38.39,60.1,1.94,58.04,3.0,4.25,21.54,0.44,94.57
Kapoeta lowlands 4.767N 33.600E,1998,6,27.93,21.07,36.95,50.4,1.68,57.05,2.42,3.52,19.43,0.43,94.73
Kapoeta lowlands 4.767N 33.600E,1998,7,25.76,20.25,34.66,99.5,3.21,68.41,1.52,2.24,17.84,0.45,94.74
Kapoeta lowlands 4.767N 33.600E,1998,8,26.93,19.61,36.16,80.0,2.58,62.04,2.15,3.17,19.9,0.46,94.62
Kapoeta lowlands 4.767N 33.600E,1998,9,29.45,20.61,38.07,11.1,0.37,47.33,2.69,3.87,22.28,0.42,94.53
Kapoeta lowlands 4.767N 33.600E,1998,10,27.88,20.91,38.17,117.8,3.8,60.63,2.05,3.03,18.97,0.46,94.52
Kapoeta lowlands 4.767N 33.600E,1998,11,28.53,21.35,37.72,23.7,0.79,48.33,3.87,5.62,21.17,0.43,94.45
Kapoeta lowlands 4.767N 33.600E,1998,12,30.27,21.97,38.71,2.2,0.07,31.81,3.99,5.74,21.85,0.41,94.38
Kapoeta lowlands 4.767N 33.600E,1999,1,30.72,22.44,39.37,7.1,0.23,28.88,3.52,5.0,22.2,0.41,94.27
Kapoeta lowlands 4.767N 33.600E,1999,2,31.68,22.41,40.95,0.3,0.01,26.22,5.18,7.15,24.15,0.41,94.24
Kapoeta lowlands 4.767N 33.600E,1999,3,30.92,21.59,40.78,21.1,0.68,41.73,4.13,5.61,19.02,0.41,94.15
Kapoeta lowlands 4.767N 33.600E,1999,4,28.89,21.39,38.24,71.1,2.37,55.06,3.34,4.68,20.3,0.43,94.4
Kapoeta lowlands 4.767N 33.600E,1999,5,28.79,22.34,37.85,41.5,1.34,52.48,3.08,4.39,20.79,0.43,94.49
Kapoeta lowlands 4.767N 33.600E,1999,6,28.89,20.73,37.46,51.6,1.72,46.32,3.13,4.49,20.58,0.42,94.57
Kapoeta lowlands 4.767N 33.600E,1999,7,25.95,19.57,34.8,107.0,3.45,64.47,1.78,2.62,18.93,0.46,94.72
Kapoeta lowlands 4.767N 33.600E,1999,8,27.57,20.86,36.48,44.3,1.43,56.14,2.24,3.25,20.32,0.44,94.63
Kapoeta lowlands 4.767N 33.600E,1999,9,29.37,21.71,38.31,21.6,0.72,43.28,2.65,3.89,21.96,0.42,94.44
Kapoeta lowlands 4.767N 33.600E,1999,10,27.77,20.8,37.35,73.5,2.37,56.96,2.33,3.41,20.07,0.44,94.49
Kapoeta lowlands 4.767N 33.600E,1999,11,28.79,21.29,38.32,20.7,0.69,47.55,3.66,5.3,20.03,0.42,94.41
Kapoeta lowlands 4.767N 33.600E,1999,12,28.58,21.21,37.66,15.5,0.5,45.06,3.88,5.55,20.91,0.41,94.41
Kapoeta lowlands 4.767N 33.600E,2000,1,30.51,19.73,39.21,1.9,0.06,26.84,3.77,5.37,23.27,0.41,94.24
Kapoeta lowlands 4.767N 33.600E,2000,2,31.69,22.16,40.62,0.6,0.02,22.01,3.73,5.25,24.87,0.41,94.28
Kapoeta lowlands 4.767N 33.600E,2000,3,32.88,24.27,40.88,5.6,0.18,28.89,4.05,5.57,23.07,0.41,94.16
Kapoeta lowlands 4.767N 33.600E,2000,4,30.23,23.49,39.58,45.0,1.5,46.3,3.73,5.19,20.8,0.42,94.3
Kapoeta lowlands 4.767N 33.600E,2000,5,30.17,21.33,38.99,29.8,0.96,45.32,3.38,4.77,20.85,0.42,94.45
Kapoeta lowlands 4.767N 33.600E,2000,6,28.58,21.88,37.7,25.8,0.86,48.28,2.63,3.8,20.15,0.42,94.58
Kapoeta lowlands 4.767N 33.600E,2000,7,27.75,20.96,37.15,26.7,0.86,53.6,1.67,2.42,20.13,0.42,94.58
Kapoeta lowlands 4.767N 33.600E,2000,8,26.97,20.04,37.59,70.7,2.28,57.44,2.12,3.1,19.81,0.44,94.64
Kapoeta lowlands 4.767N 33.600E,2000,9,29.42,21.69,37.74,27.9,0.93,45.01,2.99,4.32,21.98,0.42,94.46
Kapoeta lowlands 4.767N 33.600E,2000,10,27.92,21.33,37.32,73.2,2.36,56.15,2.42,3.58,19.62,0.43,94.51
Kapoeta lowlands 4.767N 33.600E,2000,11,28.93,21.23,38.25,22.5,0.75,48.41,3.28,4.76,20.02,0.42,94.36
Kapoeta lowlands 4.767N 33.600E,2000,12,29.82,21.61,38.83,9.6,0.31,36.22,2.86,4.17,19.81,0.41,94.4
Kapoeta lowlands 4.767N 33.600E,2001,1,29.09,18.55,39.04,5.3,0.17,29.04,2.34,3.44,20.91,0.41,94.39
Kapoeta lowlands 4.767N 33.600E,2001,2,31.56,21.38,40.47,2.8,0.1,29.7,3.33,4.63,22.31,0.41,94.26
Kapoeta lowlands 4.767N 33.600E,2001,3,30.6,23.76,40.86,31.9,1.03,40.51,3.98,5.46,19.3,0.41,94.32
Kapoeta lowlands 4.767N 33.600E,2001,4,28.9,22.31,38.3,69.6,2.32,56.43,3.9,5.42,18.94,0.43,94.35
Kapoeta lowlands 4.767N 33.600E,2001,5,28.99,21.56,37.76,43.1,1.39,52.54,3.31,4.74,20.85,0.42,94.48
Kapoeta lowlands 4.767N 33.600E,2001,6,26.72,20.63,35.73,110.4,3.68,62.01,2.07,3.11,19.6,0.46,94.65
Kapoeta lowlands 4.767N 33.600E,2001,7,27.17,20.74,35.58,63.2,2.04,58.04,2.09,3.1,19.36,0.44,94.65
Kapoeta lowlands 4.767N 33.600E,2001,8,26.84,20.69,35.55,62.6,2.02,61.77,1.73,2.57,18.46,0.45,94.72
Kapoeta lowlands 4.767N 33.600E,2001,9,28.4,21.09,37.8,46.2,1.54,53.66,1.81,2.68,20.34,0.43,94.5
Kapoeta lowlands 4.767N 33.600E,2001,10,27.51,20.97,37.15,113.8,3.67,59.78,2.12,3.17,19.13,0.45,94.52
Kapoeta lowlands 4.767N 33.600E,2001,11,26.58,20.07,35.22,80.1,2.67,63.82,2.96,4.39,19.59,0.47,94.53
Kapoeta lowlands 4.767N 33.600E,2001,12,28.91,21.13,38.09,15.8,0.51,46.1,3.5,5.09,21.42,0.43,94.45
Kapoeta lowlands 4.767N 33.600E,2002,1,29.17,18.92,38.12,28.5,0.92,38.26,2.08,3.04,20.82,0.42,94.47
Kapoeta lowlands 4.767N 33.600E,2002,2,30.87,20.96,40.12,3.1,0.11,26.22,4.07,5.71,24.28,0.41,94.39
Kapoeta lowlands 4.767N 33.600E,2002,3,30.56,21.39,40.62,47.1,1.52,44.94,3.74,5.12,19.81,0.42,94.31
Kapoeta lowlands 4.767N 33.600E,2002,4,29.4,21.82,39.12,51.6,1.72,53.6,4.57,6.34,21.33,0.43,94.24
Kapoeta lowlands 4.767N 33.600E,2002,5,28.4,22.09,37.77,63.9,2.06,56.25,3.5,4.99,19.63,0.44,94.5
Kapoeta lowlands 4.767N 33.600E,2002,6,28.26,21.6,37.49,41.1,1.37,52.05,2.63,3.83,19.66,0.42,94.65
Kapoeta lowlands 4.767N 33.600E,2002,7,29.07,21.58,37.33,13.3,0.43,43.13,3.29,4.75,20.91,0.41,94.68
Kapoeta lowlands 4.767N 33.600E,2002,8,28.41,21.26,37.24,61.4,1.98,50.62,2.51,3.7,20.85,0.43,94.63
Kapoeta lowlands 4.767N 33.600E,2002,9,29.7,21.77,39.08,44.1,1.47,40.69,3.65,5.33,23.16,0.42,94.54
Kapoeta lowlands 4.767N 33.600E,2002,10,27.94,20.11,36.93,82.8,2.67,56.67,3.31,4.85,20.21,0.44,94.47
Kapoeta lowlands 4.767N 33.600E,2002,11,28.08,21.26,37.25,50.4,1.68,55.62,3.25,4.79,19.89,0.44,94.49
Kapoeta lowlands 4.767N 33.600E,2002,12,27.43,17.01,37.37,31.0,1.0,51.75,2.7,3.91,17.73,0.42,94.58
Kapoeta lowlands 4.767N 33.600E,2003,1,29.32,22.01,38.39,25.7,0.83,39.32,3.44,4.91,21.45,0.42,94.52
Kapoeta lowlands 4.767N 33.600E,2003,2,31.9,22.46,41.23,4.2,0.15,29.46,3.59,5.01,23.19,0.41,94.31
Kapoeta lowlands 4.767N 33.600E,2003,3,30.98,21.54,41.12,32.9,1.06,41.57,4.03,5.55,20.72,0.41,94.29
Kapoeta lowlands 4.767N 33.600E,2003,4,29.36,22.34,40.24,92.7,3.09,52.86,3.82,5.32,20.07,0.43,94.37
Kapoeta lowlands 4.767N 33.600E,2003,5,28.68,22.05,37.28,19.2,0.62,56.94,3.55,5.04,21.32,0.43,94.52
Kapoeta lowlands 4.767N 33.600E,2003,6,28.36,22.44,37.35,39.6,1.32,53.54,2.57,3.72,19.48,0.42,94.58
Kapoeta lowlands 4.767N 33.600E,2003,7,27.89,21.41,35.62,42.2,1.36,54.08,1.89,2.78,17.92,0.42,94.69
Kapoeta lowlands 4.767N 33.600E,2003,8,26.87,20.42,36.58,67.9,2.19,60.72,1.98,2.94,19.28,0.44,94.68
Kapoeta lowlands 4.767N 33.600E,2003,9,29.74,20.71,38.85,20.4,0.68,42.6,3.04,4.41,22.58,0.42,94.54
Kapoeta lowlands 4.767N 33.600E,2003,10,29.89,22.1,39.22,24.8,0.8,45.34,3.36,4.88,21.74,0.42,94.42
Kapoeta lowlands 4.767N 33.600E,2003,11,28.37,21.04,36.99,60.9,2.03,56.09,3.58,5.18,19.47,0.43,94.42
Kapoeta lowlands 4.767N 33.600E,2003,12,27.43,20.84,36.35,63.2,2.04,49.38,3.37,4.95,20.93,0.43,94.51
Kapoeta lowlands 4.767N 33.600E,2004,1,29.74,22.91,38.3,14.0,0.45,45.31,3.34,4.72,19.41,0.41,94.35
Kapoeta lowlands 4.767N 33.600E,2004,2,31.08,18.89,40.44,6.4,0.22,29.62,3.58,4.99,22.5,0.41,94.39
Kapoeta lowlands 4.767N 33.600E,2004,3,32.35,24.15,41.3,8.1,0.26,32.1,4.38,5.99,22.05,0.41,94.27
Kapoeta lowlands 4.767N 33.600E,2004,4,28.48,22.85,37.73,68.7,2.29,58.77,3.4,4.74,18.83,0.43,94.42
Kapoeta lowlands 4.767N 33.600E,2004,5,28.54,22.4,37.62,41.9,1.35,54.74,2.99,4.27,19.69,0.43,94.56
Kapoeta lowlands 4.767N 33.600E,2004,6,28.63,22.0,36.76,25.8,0.86,46.55,3.22,4.67,20.15,0.42,94.76
Kapoeta lowlands 4.767N 33.600E,2004,7,28.34,21.17,37.37,45.9,1.48,48.12,2.46,3.58,19.18,0.42,94.63
Kapoeta lowlands 4.767N 33.600E,2004,8,27.24,20.92,36.83,91.1,2.94,59.31,2.04,3.04,19.5,0.45,94.69
Kapoeta lowlands 4.767N 33.600E,2004,9,28.81,20.56,37.95,38.7,1.29,47.87,2.54,3.76,20.85,0.42,94.51
Kapoeta lowlands 4.767N 33.600E,2004,10,29.53,21.75,38.75,29.4,0.95,47.2,3.54,5.12,21.96,0.42,94.47
Kapoeta lowlands 4.767N 33.600E,2004,11,27.35,21.2,35.91,78.3,2.61,60.79,3.4,4.92,19.66,0.44,94.48
Kapoeta lowlands 4.767N 33.600E,2004,12,28.47,21.24,37.1,35.3,1.14,49.31,3.13,4.58,20.42,0.43,94.42
Kapoeta lowlands 4.767N 33.600E,2005,1,28.86,18.07,38.74,19.8,0.64,37.71,3.38,4.84,22.06,0.42,94.46
Kapoeta lowlands 4.767N 33.600E,2005,2,31.66,22.38,42.03,2.8,0.1,30.18,4.96,6.85,23.15,0.41,94.28
Kapoeta lowlands 4.767N 33.600E,2005,3,32.09,23.62,41.37,12.4,0.4,38.17,4.06,5.56,20.13,0.41,94.34
Kapoeta lowlands 4.767N 33.600E,2005,4,31.0,22.16,43.04,30.0,1.0,44.98,4.23,5.84,18.96,0.41,94.35
Kapoeta lowlands 4.767N 33.600E,2005,5,27.94,21.28,37.45,94.5,3.05,61.34,2.36,3.4,18.02,0.44,94.56
Kapoeta lowlands 4.767N 33.600E,2005,6,28.44,21.91,36.22,26.7,0.89,52.55,2.73,3.94,19.59,0.43,94.61
Kapoeta lowlands 4.767N 33.600E,2005,7,26.9,20.11,35.91,81.5,2.63,59.68,2.17,3.24,19.32,0.44,94.77
Kapoeta lowlands 4.767N 33.600E,2005,8,28.3,21.29,37.06,34.4,1.11,51.07,2.57,3.77,20.25,0.43,94.61
Kapoeta lowlands 4.767N 33.600E,2005,9,28.61,21.33,38.71,53.7,1.79,50.77,2.71,3.98,20.44,0.43,94.55
Kapoeta lowlands 4.767N 33.600E,2005,10,29.78,21.37,39.39,37.2,1.2,44.91,3.2,4.66,21.46,0.42,94.47
Kapoeta lowlands 4.767N 33.600E,2005,11,29.26,21.5,38.06,32.1,1.07,47.38,3.76,5.44,21.15,0.42,94.43
Kapoeta lowlands 4.767N 33.600E,2005,12,30.26,21.24,39.16,0.0,0.0,26.96,4.37,6.29,22.86,0.41,94.32
Kapoeta lowlands 4.767N 33.600E,2006,1,31.04,23.39,40.4,0.9,0.03,31.37,4.23,5.93,21.83,0.41,94.29
Kapoeta lowlands 4.767N 33.600E,2006,2,31.9,23.87,40.1,14.6,0.52,33.84,4.28,5.89,21.37,0.41,94.25
Kapoeta lowlands 4.767N 33.600E,2006,3,30.29,22.51,41.35,42.2,1.36,45.66,3.5,4.83,20.45,0.42,94.33
Kapoeta lowlands 4.767N 33.600E,2006,4,29.11,22.94,38.03,43.8,1.46,54.33,4.19,5.78,18.53,0.42,94.37
Kapoeta lowlands 4.767N 33.600E,2006,5,27.83,22.09,36.75,67.9,2.19,61.52,2.61,3.74,18.57,0.43,94.56
Kapoeta lowlands 4.767N 33.600E,2006,6,28.54,20.21,37.94,35.1,1.17,50.97,2.86,4.15,20.34,0.42,94.62
Kapoeta lowlands 4.767N 33.600E,2006,7,27.08,20.71,36.4,87.7,2.83,56.96,2.65,3.92,18.71,0.44,94.7
Kapoeta lowlands 4.767N 33.600E,2006,8,27.05,19.73,36.68,101.4,3.27,59.9,2.35,3.5,19.49,0.45,94.62
Kapoeta lowlands 4.767N 33.600E,2006,9,28.35,20.68,37.45,53.1,1.77,48.41,3.17,4.72,22.14,0.43,94.56
Kapoeta lowlands 4.767N 33.600E,2006,10,29.03,21.67,38.8,74.7,2.41,51.4,3.66,5.31,20.68,0.43,94.47
Kapoeta lowlands 4.767N 33.600E,2006,11,26.62,19.77,35.87,97.5,3.25,65.59,2.61,3.88,18.06,0.46,94.45
Kapoeta lowlands 4.767N 33.600E,2006,12,26.79,19.27,35.95,56.1,1.81,60.13,2.42,3.58,18.43,0.46,94.56
Kapoeta lowlands 4.767N 33.600E,2007,1,28.48,21.26,37.86,20.8,0.67,46.88,2.9,4.18,21.48,0.43,94.57
Kapoeta lowlands 4.767N 33.600E,2007,2,29.65,22.66,40.27,27.2,0.97,45.5,2.86,4.05,21.04,0.43,94.36
Kapoeta lowlands 4.767N 33.600E,2007,3,30.77,23.42,40.29,22.9,0.74,41.63,4.4,6.04,21.94,0.41,94.31
Kapoeta lowlands 4.767N 33.600E,2007,4,29.53,22.68,40.16,87.6,2.92,54.36,3.98,5.55,19.89,0.44,94.35
Kapoeta lowlands 4.767N 33.600E,2007,5,28.28,21.33,37.68,103.2,3.33,60.62,2.95,4.25,20.63,0.45,94.47
Kapoeta lowlands 4.767N 33.600E,2007,6,26.29,20.8,35.25,89.1,2.97,67.8,1.63,2.46,16.94,0.47,94.62
Kapoeta lowlands 4.767N 33.600E,2007,7,26.02,20.05,34.83,102.6,3.31,65.11,2.23,3.35,19.01,0.47,94.66
Kapoeta lowlands 4.767N 33.600E,2007,8,25.85,20.19,35.14,93.9,3.03,69.23,1.64,2.48,19.36,0.47,94.62
Kapoeta lowlands 4.767N 33.600E,2007,9,26.78,19.89,36.19,87.9,2.93,65.45,1.89,2.83,19.97,0.47,94.59
Kapoeta lowlands 4.767N 33.600E,2007,10,27.75,21.13,36.25,63.9,2.06,58.55,2.97,4.41,21.9,0.46,94.48
Kapoeta lowlands 4.767N 33.600E,2007,11,28.16,21.19,37.33,26.4,0.88,53.82,3.4,4.96,20.69,0.44,94.38
Kapoeta lowlands 4.767N 33.600E,2007,12,28.9,20.68,38.09,23.2,0.75,39.55,3.19,4.68,21.39,0.42,94.36
Kapoeta lowlands 4.767N 33.600E,2008,1,29.79,21.86,38.92,14.3,0.46,37.0,3.4,4.83,21.29,0.41,94.34
Kapoeta lowlands 4.767N 33.600E,2008,2,31.07,21.97,39.24,5.2,0.18,28.99,3.32,4.63,21.82,0.41,94.39
Kapoeta lowlands 4.767N 33.600E,2008,3,31.43,22.57,40.64,15.5,0.5,36.97,3.48,4.78,20.02,0.41,94.2
Kapoeta lowlands 4.767N 33.600E,2008,4,29.24,21.6,39.42,27.9,0.93,51.12,4.31,5.97,20.69,0.42,94.3
Kapoeta lowlands 4.767N 33.600E,2008,5,29.64,22.57,37.9,32.2,1.04,47.03,3.67,5.2,21.02,0.42,94.41
Kapoeta lowlands 4.767N 33.600E,2008,6,28.35,21.26,37.48,66.0,2.2,51.84,2.54,3.7,19.73,0.43,94.58
Kapoeta lowlands 4.767N 33.600E,2008,7,26.56,20.24,35.82,72.2,2.33,61.56,1.55,2.33,16.84,0.44,94.67
Kapoeta lowlands 4.767N 33.600E,2008,8,27.69,21.36,37.53,52.7,1.7,57.73,1.82,2.69,19.89,0.43,94.52
Kapoeta lowlands 4.767N 33.600E,2008,9,28.05,20.08,37.11,91.8,3.06,59.11,1.99,2.96,20.25,0.44,94.52
Kapoeta lowlands 4.767N 33.600E,2008,10,27.08,19.99,36.1,98.0,3.16,64.47,2.08,3.12,20.07,0.45,94.51
Kapoeta lowlands 4.767N 33.600E,2008,11,28.15,20.1,38.14,32.7,1.09,51.57,3.0,4.43,21.24,0.44,94.44
Kapoeta lowlands 4.767N 33.600E,2008,12,30.06,21.36,38.74,3.4,0.11,33.32,3.68,5.32,22.41,0.41,94.35
Kapoeta lowlands 4.767N 33.600E,2009,1,29.52,21.29,38.99,34.1,1.1,38.53,3.54,5.05,21.19,0.42,94.4
Kapoeta lowlands 4.767N 33.600E,2009,2,31.31,23.45,39.71,7.6,0.27,34.3,4.2,5.83,22.54,0.41,94.25
Kapoeta lowlands 4.767N 33.600E,2009,3,30.7,21.26,40.86,20.5,0.66,41.1,3.57,4.88,21.51,0.41,94.26
Kapoeta lowlands 4.767N 33.600E,2009,4,28.3,21.73,36.96,69.6,2.32,59.49,3.21,4.51,19.3,0.44,94.41
Kapoeta lowlands 4.767N 33.600E,2009,5,28.97,21.57,38.51,38.1,1.23,54.28,3.09,4.43,19.99,0.43,94.43
Kapoeta lowlands 4.767N 33.600E,2009,6,29.55,21.43,38.08,25.5,0.85,44.99,2.98,4.33,21.11,0.42,94.57
Kapoeta lowlands 4.767N 33.600E,2009,7,28.82,20.98,38.03,30.7,0.99,46.48,2.36,3.44,20.57,0.42,94.68
Kapoeta lowlands 4.767N 33.600E,2009,8,29.13,21.24,37.88,37.5,1.21,46.33,2.65,3.87,22.03,0.42,94.56
Kapoeta lowlands 4.767N 33.600E,2009,9,29.36,22.3,38.41,65.7,2.19,49.68,2.53,3.72,20.26,0.42,94.55
Kapoeta lowlands 4.767N 33.600E,2009,10,28.19,21.35,37.31,67.3,2.17,56.24,3.09,4.52,20.3,0.43,94.46
Kapoeta lowlands 4.767N 33.600E,2009,11,29.43,22.51,39.11,18.9,0.63,45.72,3.28,4.76,20.52,0.42,94.4
Kapoeta lowlands 4.767N 33.600E,2009,12,28.06,21.18,37.28,53.0,1.71,54.47,3.05,4.39,17.06,0.43,94.49
Kapoeta lowlands 4.767N 33.600E,2010,1,29.27,21.19,38.82,18.0,0.58,40.79,3.69,5.24,22.13,0.42,94.48
Kapoeta lowlands 4.767N 33.600E,2010,2,31.05,22.46,40.81,17.9,0.64,40.61,3.71,5.09,19.1,0.41,94.37
Kapoeta lowlands 4.767N 33.600E,2010,3,29.72,21.27,40.23,62.0,2.0,50.08,4.12,5.66,19.7,0.43,94.45
Kapoeta lowlands 4.767N 33.600E,2010,4,29.12,22.88,38.69,29.7,0.99,55.88,4.25,5.89,20.77,0.42,94.42
Kapoeta lowlands 4.767N 33.600E,2010,5,28.06,22.25,36.07,132.7,4.28,64.9,2.3,3.35,18.67,0.46,94.49
Kapoeta lowlands 4.767N 33.600E,2010,6,28.06,21.5,36.74,40.8,1.36,57.3,2.18,3.21,19.6,0.44,94.66
Kapoeta lowlands 4.767N 33.600E,2010,7,26.97,20.1,36.32,70.1,2.26,59.86,2.03,3.02,18.71,0.44,94.66
Kapoeta lowlands 4.767N 33.600E,2010,8,27.16,20.87,36.82,100.4,3.24,61.11,2.16,3.19,20.19,0.45,94.62
Kapoeta lowlands 4.767N 33.600E,2010,9,28.09,20.06,37.31,53.7,1.79,55.61,2.21,3.27,20.34,0.45,94.51
Kapoeta lowlands 4.767N 33.600E,2010,10,28.68,21.99,38.09,49.6,1.6,54.46,2.66,3.93,19.47,0.44,94.42
Kapoeta lowlands 4.767N 33.600E,2010,11,29.62,21.54,38.27,23.4,0.78,45.14,3.44,5.03,21.42,0.42,94.31
Kapoeta lowlands 4.767N 33.600E,2010,12,29.69,21.36,38.45,3.7,0.12,33.96,3.03,4.46,20.32,0.41,94.27
Kapoeta lowlands 4.767N 33.600E,2011,1,30.11,20.66,39.32,3.7,0.12,30.48,2.75,3.91,22.59,0.41,94.27
Kapoeta lowlands 4.767N 33.600E,2011,2,31.41,20.8,40.38,2.0,0.07,25.4,3.7,5.19,22.75,0.41,94.21
Kapoeta lowlands 4.767N 33.600E,2011,3,31.12,21.98,40.77,33.2,1.07,40.21,3.4,4.71,20.33,0.42,94.25
Kapoeta lowlands 4.767N 33.600E,2011,4,30.74,23.11,40.74,24.6,0.82,45.8,4.05,5.61,21.12,0.41,94.26
Kapoeta lowlands 4.767N 33.600E,2011,5,28.68,21.69,38.32,69.4,2.24,57.24,2.86,4.07,20.59,0.43,94.47
Kapoeta lowlands 4.767N 33.600E,2011,6,27.36,20.65,37.23,75.3,2.51,61.91,2.02,2.97,17.09,0.44,94.58
Kapoeta lowlands 4.767N 33.600E,2011,7,27.73,21.15,36.47,43.1,1.39,55.97,1.77,2.62,18.67,0.43,94.58
Kapoeta lowlands 4.767N 33.600E,2011,8,26.77,20.39,36.77,104.8,3.38,62.37,1.87,2.78,18.89,0.45,94.61
Kapoeta lowlands 4.767N 33.600E,2011,9,27.59,20.35,38.31,56.7,1.89,59.61,2.08,3.1,19.29,0.45,94.59
Kapoeta lowlands 4.767N 33.600E,2011,10,27.26,20.71,37.0,76.0,2.45,61.15,2.67,3.95,19.82,0.45,94.39
Kapoeta lowlands 4.767N 33.600E,2011,11,26.42,19.6,35.22,87.9,2.93,65.59,2.23,3.35,17.78,0.46,94.46
Kapoeta lowlands 4.767N 33.600E,2011,12,28.12,19.23,37.35,10.5,0.34,47.83,3.01,4.43,20.67,0.43,94.46
Kapoeta lowlands 4.767N 33.600E,2012,1,29.63,20.98,38.13,0.0,0.0,31.41,2.74,3.99,23.18,0.41,94.42
Kapoeta lowlands 4.767N 33.600E,2012,2,30.83,22.26,40.21,0.0,0.0,29.33,4.09,5.7,23.59,0.41,94.21
Kapoeta lowlands 4.767N 33.600E,2012,3,32.15,24.46,41.09,4.6,0.15,30.1,3.7,5.13,22.79,0.41,94.29
Kapoeta lowlands 4.767N 33.600E,2012,4,28.71,21.41,39.72,78.0,2.6,55.98,3.45,4.81,17.99,0.43,94.4
Kapoeta lowlands 4.767N 33.600E,2012,5,26.85,20.73,36.89,97.3,3.14,66.69,2.34,3.45,19.95,0.47,94.53
Kapoeta lowlands 4.767N 33.600E,2012,6,27.34,20.98,36.19,48.6,1.62,58.98,2.15,3.14,18.4,0.44,94.65
Kapoeta lowlands 4.767N 33.600E,2012,7,25.29,19.95,33.5,117.5,3.79,72.09,1.49,2.22,16.28,0.47,94.67
Kapoeta lowlands 4.767N 33.600E,2012,8,25.26,18.99,33.51,160.9,5.19,73.34,1.51,2.31,18.72,0.5,94.71
Kapoeta lowlands 4.767N 33.600E,2012,9,25.95,19.31,35.15,118.2,3.94,70.85,1.78,2.71,19.32,0.5,94.67
Kapoeta lowlands 4.767N 33.600E,2012,10,26.93,20.19,36.09,79.7,2.57,64.04,2.63,3.91,20.45,0.46,94.47
Kapoeta lowlands 4.767N 33.600E,2012,11,25.99,20.09,35.74,70.8,2.36,70.4,2.03,3.08,19.97,0.49,94.5
Kapoeta lowlands 4.767N 33.600E,2012,12,27.3,20.57,36.59,64.8,2.09,60.94,2.22,3.28,18.94,0.46,94.43
Kapoeta lowlands 4.767N 33.600E,2013,1,28.77,20.91,39.5,9.0,0.29,45.78,2.99,4.35,21.42,0.44,94.47
Kapoeta lowlands 4.767N 33.600E,2013,2,30.85,20.16,40.36,0.6,0.02,34.51,3.72,5.21,22.77,0.42,94.31
Kapoeta lowlands 4.767N 33.600E,2013,3,30.64,22.64,40.23,23.2,0.75,45.63,3.95,5.39,18.22,0.41,94.35
Kapoeta lowlands 4.767N 33.600E,2013,4,27.92,21.38,37.24,72.3,2.41,62.3,3.01,4.22,18.46,0.44,94.46
Kapoeta lowlands 4.767N 33.600E,2013,5,27.74,21.45,36.85,102.3,3.3,61.31,2.92,4.23,21.13,0.46,94.57
Kapoeta lowlands 4.767N 33.600E,2013,6,27.58,21.55,36.0,44.4,1.48,57.56,2.28,3.3,18.98,0.44,94.64
Kapoeta lowlands 4.767N 33.600E,2013,7,26.05,20.32,34.65,106.6,3.44,66.92,1.57,2.31,18.05,0.46,94.71
Kapoeta lowlands 4.767N 33.600E,2013,8,26.31,19.96,35.77,87.4,2.82,63.28,2.02,3.04,20.04,0.46,94.64
Kapoeta lowlands 4.767N 33.600E,2013,9,27.3,19.74,37.76,90.3,3.01,62.46,1.79,2.68,19.8,0.46,94.58
Kapoeta lowlands 4.767N 33.600E,2013,10,27.91,20.63,36.75,56.7,1.83,59.4,2.11,3.12,20.74,0.45,94.54
Kapoeta lowlands 4.767N 33.600E,2013,11,26.99,20.73,36.37,59.7,1.99,61.89,2.64,3.9,20.21,0.46,94.43
Kapoeta lowlands 4.767N 33.600E,2013,12,29.05,18.54,38.22,7.1,0.23,38.94,2.71,3.98,21.8,0.42,94.47
Kapoeta lowlands 4.767N 33.600E,2014,1,30.72,21.31,39.51,2.2,0.07,30.81,2.99,4.29,22.39,0.41,94.4
Kapoeta lowlands 4.767N 33.600E,2014,2,31.23,18.62,40.61,0.8,0.03,27.28,3.15,4.41,21.85,0.41,94.28
Kapoeta lowlands 4.767N 33.600E,2014,3,30.61,21.99,40.27,27.0,0.87,43.79,3.89,5.34,19.8,0.42,94.32
Kapoeta lowlands 4.767N 33.600E,2014,4,29.34,22.43,38.76,23.4,0.78,53.19,3.66,5.07,21.81,0.42,94.44
Kapoeta lowlands 4.767N 33.600E,2014,5,28.62,22.04,37.9,80.0,2.58,59.47,2.62,3.72,20.06,0.43,94.5
Kapoeta lowlands 4.767N 33.600E,2014,6,27.52,21.17,36.65,72.9,2.43,62.07,2.04,2.99,19.49,0.45,94.64
Kapoeta lowlands 4.767N 33.600E,2014,7,26.61,20.39,37.1,105.7,3.41,63.91,1.89,2.81,18.61,0.46,94.79
Kapoeta lowlands 4.767N 33.600E,2014,8,26.2,19.92,36.03,124.3,4.01,67.4,1.84,2.74,18.93,0.47,94.7
Kapoeta lowlands 4.767N 33.600E,2014,9,27.45,20.33,36.89,76.8,2.56,60.95,2.01,2.99,21.49,0.47,94.6
Kapoeta lowlands 4.767N 33.600E,2014,10,26.68,20.9,36.0,117.2,3.78,69.13,2.05,3.02,19.4,0.48,94.54
Kapoeta lowlands 4.767N 33.600E,2014,11,26.88,19.41,36.03,45.3,1.51,63.9,2.38,3.49,19.32,0.46,94.55
Kapoeta lowlands 4.767N 33.600E,2014,12,28.31,20.23,36.82,20.2,0.65,47.9,2.57,3.82,21.85,0.44,94.54
Kapoeta lowlands 4.767N 33.600E,2015,1,28.26,16.4,39.18,0.3,0.01,33.45,2.81,4.05,23.73,0.42,94.57
Kapoeta lowlands 4.767N 33.600E,2015,2,31.55,23.91,40.41,3.4,0.12,33.11,3.33,4.67,22.69,0.41,94.33
Kapoeta lowlands 4.767N 33.600E,2015,3,31.37,21.38,40.29,52.4,1.69,36.77,4.53,6.25,22.92,0.42,94.33
Kapoeta lowlands 4.767N 33.600E,2015,4,26.78,20.82,36.22,63.0,2.1,65.27,2.35,3.36,18.26,0.46,94.53
Kapoeta lowlands 4.767N 33.600E,2015,5,28.38,21.65,37.39,57.4,1.85,60.78,2.3,3.32,21.63,0.45,94.56
Kapoeta lowlands 4.767N 33.600E,2015,6,27.2,20.97,36.07,72.3,2.41,65.94,1.56,2.28,17.39,0.46,94.68
Kapoeta lowlands 4.767N 33.600E,2015,7,27.96,20.72,36.94,43.1,1.39,54.33,2.58,3.79,19.84,0.43,94.71
Kapoeta lowlands 4.767N 33.600E,2015,8,29.36,21.25,38.16,9.6,0.31,45.71,2.62,3.83,22.91,0.42,94.63
Kapoeta lowlands 4.767N 33.600E,2015,9,29.96,21.13,39.73,34.8,1.16,43.39,2.64,3.87,22.91,0.42,94.56
Kapoeta lowlands 4.767N 33.600E,2015,10,28.02,21.49,39.12,162.8,5.25,62.65,2.38,3.5,19.3,0.46,94.54
Kapoeta lowlands 4.767N 33.600E,2015,11,24.8,19.42,32.51,267.9,8.93,79.33,1.58,2.41,18.19,0.57,94.55
Kapoeta lowlands 4.767N 33.600E,2015,12,25.89,16.45,35.0,49.0,1.58,66.09,1.7,2.55,19.5,0.52,94.68
Kapoeta lowlands 4.767N 33.600E,2016,1,28.51,17.98,37.37,4.0,0.13,46.38,1.93,2.86,20.98,0.46,94.57
Kapoeta lowlands 4.767N 33.600E,2016,2,31.01,20.68,40.62,2.3,0.08,31.61,3.44,4.91,23.86,0.43,94.42
Kapoeta lowlands 4.767N 33.600E,2016,3,31.13,23.74,41.42,53.0,1.71,47.1,3.84,5.3,21.61,0.42,94.39
Kapoeta lowlands 4.767N 33.600E,2016,4,27.29,22.01,37.89,143.4,4.78,69.96,2.8,3.99,17.77,0.49,94.46
Kapoeta lowlands 4.767N 33.600E,2016,5,27.1,20.83,36.17,75.3,2.43,67.47,2.11,3.1,20.63,0.49,94.68
Kapoeta lowlands 4.767N 33.600E,2016,6,26.98,19.89,37.0,80.1,2.67,61.41,2.21,3.26,19.34,0.46,94.77
Kapoeta lowlands 4.767N 33.600E,2016,7,25.96,20.13,35.55,59.8,1.93,67.21,1.69,2.54,18.68,0.47,94.74
Kapoeta lowlands 4.767N 33.600E,2016,8,26.68,19.72,36.49,97.3,3.14,60.85,2.4,3.59,21.63,0.47,94.71
Kapoeta lowlands 4.767N 33.600E,2016,9,28.6,21.51,37.87,55.8,1.86,51.52,2.41,3.54,21.97,0.44,94.61
Kapoeta lowlands 4.767N 33.600E,2016,10,27.87,20.46,37.72,58.9,1.9,58.69,2.25,3.34,21.17,0.45,94.5
Kapoeta lowlands 4.767N 33.600E,2016,11,28.48,21.22,38.25,16.5,0.55,51.27,2.91,4.27,20.1,0.42,94.51
Kapoeta lowlands 4.767N 33.600E,2016,12,30.39,20.64,39.4,0.6,0.02,35.27,3.65,5.26,22.02,0.41,94.44
Kapoeta lowlands 4.767N 33.600E,2017,1,29.86,19.3,39.79,34.7,1.12,25.44,3.71,5.35,23.6,0.41,94.42
Kapoeta lowlands 4.767N 33.600E,2017,2,29.72,21.87,39.33,36.4,1.3,45.94,2.92,4.1,20.87,0.43,94.4
Kapoeta lowlands 4.767N 33.600E,2017,3,30.11,22.33,41.3,75.3,2.43,47.29,2.77,3.93,22.48,0.44,94.33
Kapoeta lowlands 4.767N 33.600E,2017,4,29.1,21.65,39.6,72.0,2.4,55.46,3.35,4.73,20.76,0.45,94.41
Kapoeta lowlands 4.767N 33.600E,2017,5,28.51,21.91,37.64,55.2,1.78,59.49,2.65,3.81,20.76,0.45,94.57
Kapoeta lowlands 4.767N 33.600E,2017,6,29.36,21.52,37.5,19.8,0.66,50.33,2.48,3.61,20.18,0.43,94.58
Kapoeta lowlands 4.767N 33.600E,2017,7,26.45,20.35,35.12,96.4,3.11,67.56,1.66,2.42,16.32,0.44,94.75
Kapoeta lowlands 4.767N 33.600E,2017,8,27.37,20.97,36.96,58.3,1.88,62.35,1.96,2.85,19.95,0.44,94.62
Kapoeta lowlands 4.767N 33.600E,2017,9,27.78,20.06,37.64,57.3,1.91,61.27,1.89,2.71,19.63,0.44,94.62
Kapoeta lowlands 4.767N 33.600E,2017,10,27.18,21.08,39.02,203.0,6.55,67.32,2.14,3.19,19.91,0.49,94.49
Kapoeta lowlands 4.767N 33.600E,2017,11,26.55,19.43,35.74,39.6,1.32,63.62,2.41,3.61,20.2,0.47,94.5
Kapoeta lowlands 4.767N 33.600E,2017,12,28.78,18.38,38.56,0.3,0.01,36.39,3.12,4.68,23.51,0.43,94.45
Kapoeta lowlands 4.767N 33.600E,2018,1,29.5,18.45,38.97,0.0,0.0,29.01,2.24,3.25,23.23,0.41,94.41
Kapoeta lowlands 4.767N 33.600E,2018,2,30.38,22.25,40.13,32.5,1.16,39.39,4.22,5.85,21.99,0.42,94.29
Kapoeta lowlands 4.767N 33.600E,2018,3,28.96,22.38,38.51,46.5,1.5,52.33,3.26,4.54,18.41,0.44,94.38
Kapoeta lowlands 4.767N 33.600E,2018,4,26.18,20.28,36.53,237.6,7.92,71.94,2.62,3.77,17.0,0.5,94.49
Kapoeta lowlands 4.767N 33.600E,2018,5,25.97,21.1,33.42,157.5,5.08,74.93,2.31,3.41,19.41,0.53,94.57
Kapoeta lowlands 4.767N 33.600E,2018,6,25.75,20.26,32.85,51.0,1.7,71.05,1.84,2.76,18.56,0.5,94.73
Kapoeta lowlands 4.767N 33.600E,2018,7,27.07,20.85,36.09,22.0,0.71,57.29,2.39,3.52,19.96,0.46,94.75
Kapoeta lowlands 4.767N 33.600E,2018,8,27.55,20.64,36.65,40.3,1.3,55.73,2.25,3.3,19.44,0.44,94.7
Kapoeta lowlands 4.767N 33.600E,2018,9,29.37,21.34,38.7,93.0,3.1,44.98,3.07,4.56,23.3,0.43,94.47
Kapoeta lowlands 4.767N 33.600E,2018,10,27.29,20.12,36.69,72.2,2.33,60.92,2.66,3.98,20.73,0.46,94.52
Kapoeta lowlands 4.767N 33.600E,2018,11,28.29,21.44,38.28,24.0,0.8,56.26,2.87,4.19,20.75,0.44,94.46
Kapoeta lowlands 4.767N 33.600E,2018,12,28.04,20.74,37.91,49.9,1.61,52.97,2.71,4.01,19.42,0.44,94.52
Kapoeta lowlands 4.767N 33.600E,2019,1,30.75,20.66,40.48,0.3,0.01,31.61,3.6,5.19,23.24,0.42,94.43
Kapoeta lowlands 4.767N 33.600E,2019,2,31.69,22.81,40.81,19.0,0.68,36.09,3.75,5.2,23.22,0.41,94.37
Kapoeta lowlands 4.767N 33.600E,2019,3,32.18,23.11,41.37,16.1,0.52,35.98,3.51,4.86,22.78,0.41,94.36
Kapoeta lowlands 4.767N 33.600E,2019,4,29.76,22.92,40.97,70.2,2.34,54.42,3.31,4.62,20.0,0.43,94.4
Kapoeta lowlands 4.767N 33.600E,2019,5,28.62,21.88,38.38,58.3,1.88,59.54,2.89,4.16,20.77,0.44,94.47
Kapoeta lowlands 4.767N 33.600E,2019,6,26.94,21.13,35.38,136.8,4.56,67.65,1.59,2.33,15.95,0.46,94.71
Kapoeta lowlands 4.767N 33.600E,2019,7,26.33,20.43,35.63,208.0,6.71,68.65,1.81,2.7,18.09,0.49,94.69
Kapoeta lowlands 4.767N 33.600E,2019,8,26.56,20.51,35.29,55.8,1.8,67.13,1.7,2.52,19.48,0.48,94.75
Kapoeta lowlands 4.767N 33.600E,2019,9,27.88,20.38,37.86,56.7,1.89,60.57,1.91,2.82,20.74,0.45,94.6
Kapoeta lowlands 4.767N 33.600E,2019,10,25.14,19.75,33.88,212.3,6.85,78.66,1.98,3.02,18.33,0.53,94.5
Kapoeta lowlands 4.767N 33.600E,2019,11,25.86,20.24,34.95,54.0,1.8,74.06,1.84,2.75,19.34,0.49,94.5
Kapoeta lowlands 4.767N 33.600E,2019,12,26.6,19.99,35.86,58.9,1.9,67.18,1.73,2.58,19.22,0.48,94.51
Kapoeta lowlands 4.767N 33.600E,2020,1,27.66,17.64,37.78,32.9,1.06,52.31,2.18,3.15,20.39,0.44,94.58
Kapoeta lowlands 4.767N 33.600E,2020,2,30.22,21.15,39.7,11.6,0.4,45.78,2.7,3.81,21.82,0.44,94.48
Kapoeta lowlands 4.767N 33.600E,2020,3,27.62,20.37,39.54,182.0,5.87,63.26,2.75,3.89,18.98,0.47,94.44
Kapoeta lowlands 4.767N 33.600E,2020,4,27.19,21.41,36.19,78.0,2.6,68.72,3.07,4.36,18.26,0.49,94.51
Kapoeta lowlands 4.767N 33.600E,2020,5,27.16,21.32,35.66,65.1,2.1,69.03,2.53,3.67,20.94,0.49,94.66
Kapoeta lowlands 4.767N 33.600E,2020,6,26.19,20.39,34.86,119.4,3.98,70.74,1.67,2.53,18.26,0.49,94.68
Kapoeta lowlands 4.767N 33.600E,2020,7,25.53,20.02,34.21,87.4,2.82,70.42,1.55,2.33,16.18,0.47,94.63
Kapoeta lowlands 4.767N 33.600E,2020,8,25.75,18.49,35.16,86.8,2.8,70.77,1.67,2.52,18.54,0.48,94.64
Kapoeta lowlands 4.767N 33.600E,2020,9,27.04,19.86,37.0,101.7,3.39,65.7,1.72,2.54,20.15,0.47,94.56
Kapoeta lowlands 4.767N 33.600E,2020,10,26.28,20.43,34.92,100.8,3.25,71.07,1.71,2.57,19.16,0.48,94.54
Kapoeta lowlands 4.767N 33.600E,2020,11,26.76,20.07,36.72,113.4,3.78,68.91,1.89,2.83,19.88,0.48,94.52
Kapoeta lowlands 4.767N 33.600E,2020,12,26.99,18.43,36.89,607.3,19.59,58.45,1.83,2.75,21.64,0.49,94.51
Kapoeta lowlands 4.767N 33.600E,2021,1,26.67,19.71,36.15,96.4,3.11,58.37,2.53,3.82,21.68,0.51,94.46
Kapoeta lowlands 4.767N 33.600E,2021,2,28.68,18.73,38.94,0.8,0.03,45.46,2.59,3.68,21.97,0.45,94.43
Kapoeta lowlands 4.767N 33.600E,2021,3,30.79,21.95,40.13,5.9,0.19,40.91,3.52,4.9,22.41,0.42,94.26
Kapoeta lowlands 4.767N 33.600E,2021,4,27.58,21.79,38.43,102.6,3.42,64.01,3.18,4.52,18.98,0.46,94.42
Kapoeta lowlands 4.767N 33.600E,2021,5,27.26,20.88,36.63,81.2,2.62,65.98,2.46,3.56,19.2,0.47,94.56
Kapoeta lowlands 4.767N 33.600E,2021,6,27.99,21.52,36.95,15.0,0.5,53.03,3.01,4.36,20.38,0.43,94.63
Kapoeta lowlands 4.767N 33.600E,2021,7,25.67,19.77,36.94,125.5,4.05,68.56,1.7,2.53,15.93,0.47,94.76
Kapoeta lowlands 4.767N 33.600E,2021,8,27.87,20.92,38.76,40.3,1.3,55.36,2.21,3.27,20.73,0.45,94.63
Kapoeta lowlands 4.767N 33.600E,2021,9,27.9,20.73,36.98,101.1,3.37,60.06,2.07,3.06,19.59,0.46,94.55
Kapoeta lowlands 4.767N 33.600E,2021,10,28.83,21.56,38.38,54.9,1.77,57.93,2.26,3.29,20.53,0.44,94.47
Kapoeta lowlands 4.767N 33.600E,2021,11,28.12,21.34,38.74,105.6,3.52,60.09,2.14,3.13,19.76,0.46,94.44
Kapoeta lowlands 4.767N 33.600E,2021,12,28.01,19.54,36.48,65.4,2.11,53.77,3.45,5.0,20.55,0.45,94.47
Kapoeta lowlands 4.767N 33.600E,2022,1,28.57,20.16,38.0,24.2,0.78,44.24,2.71,3.93,20.61,0.43,94.47
Kapoeta lowlands 4.767N 33.600E,2022,2,30.09,20.23,39.2,5.6,0.2,36.75,2.15,3.03,22.34,0.41,94.38
Kapoeta lowlands 4.767N 33.600E,2022,3,30.99,22.84,40.67,28.8,0.93,40.8,3.53,4.89,21.98,0.42,94.24
Kapoeta lowlands 4.767N 33.600E,2022,4,29.85,21.97,40.57,63.3,2.11,51.65,3.3,4.62,18.38,0.43,94.3
Kapoeta lowlands 4.767N 33.600E,2022,5,28.93,22.1,38.05,61.1,1.97,57.01,2.8,3.99,19.7,0.44,94.54
Kapoeta lowlands 4.767N 33.600E,2022,6,27.88,21.04,37.91,59.7,1.99,53.7,2.7,3.98,19.4,0.44,94.56
Kapoeta lowlands 4.767N 33.600E,2022,7,26.88,19.8,36.13,86.2,2.78,58.84,2.23,3.29,17.78,0.45,94.65
Kapoeta lowlands 4.767N 33.600E,2022,8,26.53,19.11,35.49,80.3,2.59,64.54,1.94,2.84,18.76,0.45,94.6
Kapoeta lowlands 4.767N 33.600E,2022,9,28.1,20.92,37.28,64.5,2.15,55.94,2.35,3.46,20.88,0.44,94.55
Kapoeta lowlands 4.767N 33.600E,2022,10,27.98,20.24,38.68,81.2,2.62,59.17,2.26,3.32,20.98,0.44,94.53
Kapoeta lowlands 4.767N 33.600E,2022,11,27.01,20.01,36.58,48.3,1.61,62.62,2.3,3.38,18.96,0.45,94.49
Kapoeta lowlands 4.767N 33.600E,2022,12,28.19,20.49,37.4,36.0,1.16,51.39,2.26,3.32,19.08,0.44,94.45
Kapoeta lowlands 4.767N 33.600E,2023,1,30.06,20.63,39.14,0.6,0.02,33.63,2.69,3.89,21.87,0.41,94.44
Kapoeta lowlands 4.767N 33.600E,2023,2,31.6,22.14,40.8,0.8,0.03,27.45,3.4,4.77,23.44,0.41,94.35
Kapoeta lowlands 4.767N 33.600E,2023,3,29.03,21.5,40.83,98.9,3.19,53.28,3.15,4.38,17.11,0.44,94.37
Kapoeta lowlands 4.767N 33.600E,2023,4,27.72,21.87,38.02,90.6,3.02,63.96,3.42,4.83,19.61,0.46,94.36
Kapoeta lowlands 4.767N 33.600E,2023,5,28.1,20.79,37.65,71.9,2.32,61.04,3.43,4.93,21.89,0.47,94.57
Kapoeta lowlands 4.767N 33.600E,2023,6,28.1,21.34,37.48,87.3,2.91,59.1,2.5,3.66,19.03,0.45,94.64
Kapoeta lowlands 4.767N 33.600E,2023,7,28.28,21.55,36.58,59.8,1.93,55.69,2.34,3.42,19.1,0.44,94.77
Kapoeta lowlands 4.767N 33.600E,2023,8,28.55,20.35,38.58,64.8,2.09,50.18,3.06,4.53,21.83,0.45,94.64
Kapoeta lowlands 4.767N 33.600E,2023,9,28.91,22.17,38.74,94.5,3.15,57.35,2.05,3.03,19.47,0.45,94.54
Kapoeta lowlands 4.767N 33.600E,2023,10,27.44,21.07,38.6,197.5,6.37,67.21,2.45,3.65,20.3,0.49,94.53
Kapoeta lowlands 4.767N 33.600E,2023,11,26.04,21.08,33.99,110.7,3.69,75.06,2.79,4.14,18.51,0.51,94.54
Kapoeta lowlands 4.767N 33.600E,2023,12,28.19,19.27,37.2,9.9,0.32,57.94,2.48,3.64,19.82,0.46,94.53
Kapoeta lowlands 4.767N 33.600E,2024,1,29.58,20.06,38.6,3.7,0.12,45.62,1.74,2.54,20.54,0.43,94.58
Kapoeta lowlands 4.767N 33.600E,2024,2,29.62,22.26,39.5,71.3,2.46,52.16,2.78,3.88,20.01,0.45,94.53
Kapoeta lowlands 4.767N 33.600E,2024,3,31.01,24.27,40.46,12.1,0.39,47.46,4.29,5.89,21.21,0.42,94.42
Kapoeta lowlands 4.767N 33.600E,2024,4,27.2,22.0,38.14,217.5,7.25,71.36,2.9,4.16,18.68,0.5,94.43
Kapoeta lowlands 4.767N 33.600E,2024,5,28.26,22.19,37.08,70.4,2.27,64.85,3.05,4.39,19.05,0.48,94.52
Kapoeta lowlands 4.767N 33.600E,2024,6,28.62,21.96,37.39,36.6,1.22,55.3,2.43,3.57,19.2,0.45,94.64
Kapoeta lowlands 4.767N 33.600E,2024,7,27.0,21.11,37.5,198.4,6.4,67.36,1.66,2.46,16.34,0.47,94.71
Kapoeta lowlands 4.767N 33.600E,2024,8,26.07,20.57,34.96,203.4,6.56,72.56,1.65,2.51,18.44,0.53,94.7
Kapoeta lowlands 4.767N 33.600E,2024,9,28.17,21.39,37.15,40.2,1.34,60.2,1.96,2.91,21.42,0.47,94.58
Kapoeta lowlands 4.767N 33.600E,2024,10,27.83,21.55,37.42,87.7,2.83,65.93,1.81,2.66,19.68,0.47,94.54
Kapoeta lowlands 4.767N 33.600E,2024,11,27.21,20.23,37.19,75.0,2.5,65.99,1.96,2.87,18.62,0.46,94.51
Kapoeta lowlands 4.767N 33.600E,2024,12,28.95,20.04,37.81,51.1,1.65,46.37,2.23,3.35,21.5,0.44,94.51
Kapoeta lowlands 4.767N 33.600E,2025,1,29.91,19.61,39.01,2.8,0.09,34.78,2.48,3.65,21.93,0.42,94.42
Kapoeta lowlands 4.767N 33.600E,2025,2,32.24,23.62,40.83,4.2,0.15,28.7,3.82,5.36,24.24,0.41,94.28
Kapoeta lowlands 4.767N 33.600E,2025,3,29.5,21.05,41.43,128.0,4.13,54.06,3.41,4.74,18.92,0.45,94.36
Kapoeta lowlands 4.767N 33.600E,2025,4,27.95,21.99,38.31,111.3,3.71,65.22,3.23,4.58,20.35,0.47,94.42
Kapoeta lowlands 4.767N 33.600E,2025,5,27.21,21.92,36.85,85.6,2.76,68.36,2.5,3.69,20.23,0.49,94.6
Kapoeta lowlands 4.767N 33.600E,2025,6,28.52,21.61,37.31,24.6,0.82,53.82,2.45,3.62,18.93,0.44,94.68
Kapoeta lowlands 4.767N 33.600E,2025,7,27.68,20.89,36.73,58.6,1.89,60.07,1.87,2.74,16.95,0.45,94.75
Kapoeta lowlands 4.767N 33.600E,2025,8,26.07,20.07,36.26,146.9,4.74,68.65,1.67,2.48,16.41,0.48,94.72
Kapoeta lowlands 4.767N 33.600E,2025,9,28.35,20.41,37.54,70.8,2.36,58.52,1.9,2.8,20.15,0.45,94.61
Kapoeta lowlands 4.767N 33.600E,2025,10,27.46,20.91,36.41,155.3,5.01,64.49,1.81,2.73,18.42,0.48,94.55
Kapoeta lowlands 4.767N 33.600E,2025,11,27.81,19.66,37.39,86.4,2.88,59.28,2.45,3.68,21.13,0.48,94.55
Kapoeta lowlands 4.767N 33.600E,2025,12,28.34,20.67,38.22,44.3,1.43,53.78,2.53,3.71,18.67,0.45,94.44
